{"cameraMode":{"drawMode":0,"name":"Shaded","section":"Shading Mode"},"sceneLighting":true,"audioPlay":false,"sceneViewState":{"m_AlwaysRefresh":false,"showFog":true,"showSkybox":true,"showFlares":true,"showImageEffects":true,"showParticleSystems":true,"showVisualEffectGraphs":true,"m_FxEnabled":true},"in2DMode":false,"pivot":{"x":-0.09717033803462982,"y":0.8213056325912476,"z":0.3488923907279968},"rotation":{"x":-0.17785993218421937,"y":0.000588010938372463,"z":-0.00010406890214653686,"w":-0.9840645790100098},"size":3.6888794898986818,"orthographic":false}